ParticipantId,ParticipantName,ParticipantPhone,ParticipantEmail
857-93-5177,Rebecca Wilson,001-640-707-8405x95643,benjamin49@gmail.com
597-54-9762,Kristina Brooks,(658)846-1985,walterstaylor@guerrero-martinez.info
357-72-1855,Zachary Dorsey,001-203-502-8160x578,keith97@atkinson.org
788-90-7939,Christina Howard,001-204-515-5129x195,fbrown@moore.com
636-27-1425,Margaret Lewis,001-843-327-9434x865,stephen75@yahoo.com
342-58-5591,Timothy James,109-888-9723x18202,christopherpeck@yahoo.com
235-22-7738,Amanda Decker,825-605-9207,amyevans@gmail.com
795-48-0373,Mark Hernandez,(566)517-0796,timothy30@wolfe.com
061-63-5078,Duane Roth,625.721.6182x69251,andreamccall@gmail.com
267-58-9291,Bradley Alexander,544-609-4336x016,gilbertmark@maynard-anderson.com
866-39-4081,Kirk Gallagher,001-469-576-1382x4642,coxdaniel@hotmail.com
591-26-3150,James Perez,3927034653,michelledixon@gmail.com
697-85-8802,Dale Rice,082.207.3954x78958,chad44@hotmail.com
812-25-4554,Christopher Hunter,(019)818-4088,bobby33@lambert-russell.biz
611-54-2108,John Parks DVM,173-457-4021x7113,amber43@white-fernandez.info
682-19-5605,Daisy Hopkins,755-678-5798,stephanieblack@gmail.com
662-16-2753,John Kennedy,(615)175-6136x527,bryan@gmail.com
293-31-0969,Jasmine Hobbs,001-973-873-5693x08424,rodriguezchristopher@roach.org
146-66-5942,Matthew Ayala,826-049-0431x586,ztaylor@gmail.com
671-62-5141,Elizabeth Vaughn,253.656.0627,hilllaura@yahoo.com
081-78-8637,Mr. Adam White MD,(544)693-5059,wallacejason@yahoo.com
328-99-5583,Alison Francis,277.263.8686x32885,ashleylynn@gmail.com
444-11-2588,Joseph Ferguson,193.360.2020x35240,howelldavid@williams-cabrera.org
725-14-6474,William Martinez,+1-230-329-8776x1918,danderson@schaefer-jones.com
173-78-5479,Courtney Mills,+1-916-728-6867x859,hburgess@rodriguez.com
789-88-5209,Brett Gomez,885.469.7281,cfarrell@wise-parker.com
512-77-5269,Daniel Neal,719-455-8279x065,allenolivia@yahoo.com
593-50-2358,Nicole Peters,455-901-1014,riveramatthew@rhodes.org
450-30-3715,Joann Watson,839.353.9981x5550,stephanie38@gmail.com
291-41-6666,Maria Williams,001-891-441-7853x0677,cynthiacox@gmail.com
605-47-5585,James Smith,400.438.0541x081,watsonmegan@reese.com
250-20-6874,Sarah Garcia,926.357.4055,eric56@brock.biz
528-69-0499,Travis Perez,+1-923-796-8836x711,dalebuck@johnson.com
270-80-1387,Scott Dennis,(130)133-5859,bwilson@garrett.net
518-19-1042,Charles Martin,001-877-231-3527,michaelpitts@yahoo.com
613-07-9734,Jeremy Flores,455-787-4581x0210,shawnpayne@hotmail.com
584-72-3963,Alyssa Shaw,138.515.1853,kempstephen@gmail.com
256-23-9295,Allison Martinez,001-729-678-5876x41849,smithnicole@love-butler.com
294-41-4638,Heather Leonard,(341)830-1986x67563,reidbrian@miller.com
288-19-7540,Ashley Clark,+1-554-295-5728,megan79@hotmail.com
146-55-8372,Alex Higgins,454.320.5219,clintonrose@gmail.com
256-04-8870,James Clark,001-014-485-6202x434,sarahwright@stark.com
440-42-7174,Michael Rivera,062-208-5986,zmartin@yahoo.com
875-13-4636,Barbara Miller,+1-445-159-3982x1347,jennifer51@levy.org
415-69-4749,Ethan Green,+1-265-729-7348,simmonsbryan@duarte.info
066-64-5295,Jeffrey Yu,001-983-551-8153x48320,edwarddavidson@colon.com
647-20-9775,Jonathan Miller,464.015.7997,clayton58@aguilar-lambert.com
051-38-9494,Timothy Poole,001-945-661-4298x2184,jordangail@yahoo.com
071-31-7626,Justin Jordan,645.015.2708x1838,laurenrodriguez@wu-ball.com
130-95-0160,Michael Gonzalez,949.682.7413x407,lori87@chavez-hall.com
147-27-6536,Veronica Willis,0188322777,dickersonbrian@frye.com
320-41-6763,Matthew Lloyd,(327)973-9448,janeherrera@yahoo.com
259-31-0452,Allison Lucas,918.469.2395,jamie33@hotmail.com
297-81-9596,Lisa Ward,343.556.4734x023,natalie61@flynn.com
750-81-6351,Richard Underwood,+1-328-259-8200x2054,michael38@gmail.com
524-05-3444,Mr. Daniel Thomas,+1-389-113-0827x4326,taylormendez@walker.net
710-13-6387,Taylor Sexton,(076)074-3709x6646,uyoung@gmail.com
537-93-7110,Jason Brown,650-830-6581x449,devonsandoval@rodriguez-sharp.com
044-54-8612,Heather Walker,447-257-4939,shawthomas@hotmail.com
795-41-9531,Rebecca Green,862-248-6493,zgarcia@williams.com
150-62-1185,Walter Lynn,001-938-395-8675x070,travisjackson@gmail.com
192-80-0775,Holly Torres,+1-200-515-8405x5938,jeremy23@gmail.com
294-03-7616,Mark Ward,425-045-5904,meredith09@medina.com
522-98-2215,Brian Evans,+1-648-239-2815x579,rhondamoreno@moore.com
597-01-7451,Emma Tanner,+1-265-176-1696x09029,bryan95@holmes.com
459-70-5259,Tami Knight,+1-985-478-2718,kellymueller@hotmail.com
310-46-9465,Nicole Dennis,385-093-1453,tylerjohn@daniels.biz
645-50-2890,Jacob Brown,(345)031-2706x858,johnsonmichael@hill.com
048-92-2258,Thomas Mooney,001-703-906-5358x4846,zacharyrobinson@hotmail.com
215-82-9074,Vanessa Atkins,+1-503-996-7550x3949,davidlittle@armstrong-barnett.biz
740-26-2253,Annette Mendoza,491-690-5513x78111,brownbenjamin@gmail.com
097-73-8431,Sarah Anderson,(465)811-8001,kmorgan@mason-dickerson.info
630-10-1594,Alexandria Brown,541.779.2928x82951,ricky13@simmons.com
750-60-9480,Christopher Murray,748.586.5681,noahboyd@lucas.info
545-35-0581,Robert Garza,(354)338-4488x03657,simmonsaaron@wilcox.net
022-13-5119,Nicole Adams,313-912-4585x71149,qfletcher@chandler.biz
061-77-8889,Robert Frederick,(411)028-9539x643,wnewton@miller.org
853-89-4000,Victoria Brown,(757)034-9605x8670,cphillips@shelton.info
088-63-3222,Christopher Duffy,969.182.6161,dmckenzie@hotmail.com
183-21-3595,Katelyn Nichols,925.610.4722,iharrison@mccarthy-lee.com
190-65-8190,Melissa Russo,251-081-8282,taylorkimberly@maldonado.net
651-35-8480,Tony Green,(956)651-1782x6557,melanie29@lawrence.com
076-69-2626,Rita Stephens,937.109.3951x81624,mitchell74@anderson.com
787-32-7071,John Smith,733.158.4471,lewisamy@cook-myers.com
405-31-1293,Ashley Richardson,571.359.2146x43761,devin06@white.com
560-89-5387,Jill Webster,286-401-8067x495,csimpson@maxwell.com
782-41-2173,Margaret Jarvis,266-073-2786x8579,cartergregory@webb-barton.biz
482-77-2905,Katherine Fitzgerald,695-436-7765x2454,shelia71@yahoo.com
691-45-9869,Anthony Doyle,(354)728-4361,ntorres@yahoo.com
131-66-1800,Ruth Clayton,314-103-0716,cwiggins@lane.biz
204-97-5234,Samuel Jackson,369-398-4688,chendouglas@hotmail.com
221-23-9190,John Moreno,(443)963-6044x6089,vmccormick@gmail.com
234-32-1154,Nicholas Martin,001-140-998-3109x98204,twilliams@moran.info
260-20-1952,Todd Taylor,710-921-8196,samantha19@estes.net
488-36-5157,Susan Hernandez,701-265-5220,matthewwatkins@higgins-lewis.com
306-17-7529,Ryan Rodriguez,+1-908-552-7787x383,philipbell@brooks.com
043-41-3526,Julia Mcclure,270.165.3769x4706,sabrina53@jones-mcintyre.net
224-18-8697,Richard Thompson,(813)821-5335,everettmatthew@hotmail.com
199-55-9344,Jeffery Novak,(467)312-4885x123,natashalambert@yahoo.com
428-02-6134,Elizabeth Mason,1621644301,tracyhammond@yahoo.com
099-80-2785,Karen Martinez,9444520913,alyssa04@gmail.com
105-32-2115,Jessica Smith,001-895-246-1345x48547,zdavis@murray-jackson.net
480-72-6307,Mary Rodriguez,952-797-6341,robineaton@moore-patel.com
897-66-8865,Dr. Raymond Turner DDS,096.630.5915,angelaromero@yahoo.com
777-38-5399,Daisy Garcia,459.101.1131,kimberlybartlett@bryant-gonzalez.com
365-95-6961,Tina Robinson,493.702.5926x16454,grayoscar@jacobs.com
248-74-4482,Joshua Bridges,889-592-2853x70753,millerjustin@hotmail.com
627-38-0878,Thomas Nichols,061.875.9609,morganhanson@jones-lopez.net
829-63-7120,Michele Woods,8971764796,meredithgordon@gmail.com
252-84-0534,Barbara Acosta,781.355.8987,nbrown@hotmail.com
449-54-7782,Jamie Vargas,439-006-5170x9492,nbrown@martin-medina.com
842-09-0741,Jennifer Rodriguez,991.844.8040,timothybradshaw@sloan.com
037-79-9184,Jason Rhodes,(890)354-6666,ginabarnes@hotmail.com
687-58-0334,Stephen Madden,(357)518-4159,danielthompson@hotmail.com
638-94-9717,Robert Mcgrath,(438)076-6416x35501,balvarez@yahoo.com
662-31-9847,John Stevens,+1-488-059-8398,brownlucas@reeves.biz
681-22-3262,Crystal Smith,203.321.3804x3780,latoya91@whitehead.biz
170-25-9418,Robert Henderson,(635)694-1809x25627,petervalenzuela@gmail.com
602-34-6152,Emily Ortiz,001-726-669-6276x685,williamsamanda@gmail.com
658-43-5804,Justin Cox,(461)057-3712,jessicalove@gmail.com
661-76-8322,Michele Carrillo,001-833-215-4675,michael36@hunter.com
547-12-5872,Stacey Shaw,027-345-0116,christine81@hotmail.com
740-10-7191,Christopher Terrell,(941)729-8112,tabithahowe@hotmail.com
048-06-5046,Deborah Coleman,0470816997,kbird@gmail.com
556-18-5992,Kevin Vaughan,001-738-993-2092x5251,jasongarcia@adams.com
502-98-3599,Elizabeth Keller,756.205.5503x91348,coreyclarke@gutierrez.org
483-59-6307,Martin Hamilton,(120)755-1826x0655,gibsonkimberly@wang-fisher.info
539-42-2202,Jennifer Ball,001-904-241-1861x955,steven01@yahoo.com
766-74-3790,Patrick Soto,001-305-775-3103x13483,jacquelinehenderson@cervantes.com
276-14-7511,Jenna Leon,001-291-310-8109x00872,istokes@gordon.com
726-46-0345,Kevin Carter,001-926-967-1727x879,ktaylor@livingston.com
743-22-7730,Victoria Olson,+1-803-010-4892x5560,butlersteven@brown-duran.net
316-01-0944,Mary Black,+1-165-391-8888x21582,chelsea01@gmail.com
301-63-3324,Roberto Mahoney,+1-138-105-5863x29157,vlee@yahoo.com
776-58-1928,Lori Johnson,772.964.5187,vanessahernandez@mills.org
497-45-4153,Thomas Shaw,001-429-735-6332x210,michaelreid@yahoo.com
324-17-9809,Preston Holland,894-001-8488x089,johnsonmichael@hotmail.com
818-42-2100,Patricia Whitney,(948)804-1397x47878,jill69@hotmail.com
529-15-0661,Henry Snyder,1349368878,sjones@yahoo.com
705-03-8363,Troy Martinez,+1-701-765-0887x98149,renglish@martinez.com
373-51-6573,Michelle Valencia,(391)334-0718,andrewwillis@hotmail.com
077-54-3378,Whitney Skinner,001-259-883-8206x29610,rebeccaanderson@gibbs.com
009-22-2068,Matthew Martinez,(763)848-2885x1359,lclayton@gates.com
100-16-8063,Justin Caldwell,535.237.5144,espinozanicholas@gmail.com
712-58-1754,Daniel Smith,239.730.4208,alexander18@gmail.com
675-32-2762,Elizabeth Jackson,001-149-590-7614,ellisjonathan@lawson-ellis.com
646-34-5937,Robert Drake,(137)887-7444,gsmith@yahoo.com
615-19-4179,Michael Blankenship,(978)413-4663,stacey90@hotmail.com
679-29-7312,Wendy Hahn,865.776.5295x80311,wesleyparks@gmail.com
894-28-6620,Aaron Jordan,+1-026-021-4176x2901,perrystephanie@jimenez.com
481-82-3707,Anthony Brown,621.505.5197,gcalhoun@patterson.com
810-59-8065,Daniel Jacobs,984-799-7065x3194,timothy14@young.com
087-86-5077,Colleen Booth,+1-803-474-7915,rkoch@allison.com
749-44-0482,Jonathon Schmidt,073.917.4923,toddcox@davis.info
598-74-1041,Christopher Stephenson,(623)778-1166,qnelson@ramirez.net
244-77-0376,Carol Powell,368-849-8679x11252,jim97@johnston.com
016-17-7266,Leslie Johnson,183-610-9803,zrich@gmail.com
598-12-3396,Amanda Smith,025.302.5932,fjimenez@yahoo.com
188-82-8132,Samantha Hubbard,(976)892-1969,rgutierrez@guerrero.com
387-29-2871,Kimberly Ellis,642.531.6433,denise29@lynch.com
034-27-9963,Beth Ramirez,933.463.5920,castrokyle@gmail.com
344-56-4644,Alisha Frye,001-605-833-2979x22228,douglasjennifer@gmail.com
597-23-8783,Sandra Stanley,(363)348-2332,youngcassandra@hotmail.com
828-36-5248,Connie Hamilton,(358)590-0668x6168,normamartin@watkins.com
034-56-8861,Christian Velasquez,+1-146-957-6670x222,gcollins@long.biz
170-82-7211,Crystal Young,6413116372,abell@yahoo.com
140-76-0789,Margaret Martinez,001-487-276-7497,brownkaren@hotmail.com
300-21-6735,Tanya Jackson,800-073-6908x5328,oarnold@payne.com
310-44-9319,Lisa Tucker,+1-350-945-6363x1137,ckim@gmail.com
173-57-1308,Perry Wolf,+1-578-011-9274x3419,xhunter@haas.org
613-78-3928,Larry Smith,727-369-3421x86978,josephgolden@hotmail.com
167-04-9717,Donna Torres,+1-631-215-7144,hvazquez@kim.com
517-99-9769,Stacy Austin,001-857-195-8713,robertellis@mcdaniel-gomez.com
494-52-8839,Amanda Hart,286.167.9127x454,josephherrera@hotmail.com
149-13-6493,Clifford Davidson,001-941-550-0432x6701,margaret27@hotmail.com
449-88-8721,Victoria Swanson,938.458.5464,watkinsryan@yahoo.com
008-45-2814,Christopher Anderson,297.918.2557x8979,alove@lewis.com
625-50-9568,Shelby Dixon,596.528.2509x94439,cohenamy@dunn.com
158-57-7599,Richard Foster,620-128-6658,beckjoseph@hotmail.com
810-03-4020,Carol Jenkins,(246)463-7319,nmarks@hotmail.com
370-69-8486,John Sutton,7338593531,brownclaudia@gmail.com
691-06-1529,Eric Lucas PhD,284.143.9300x40593,ldavis@yahoo.com
770-02-0065,Miguel Brady,+1-692-820-5126x321,rodriguezchristopher@yahoo.com
116-37-9868,Curtis Frazier,001-737-058-7888,john43@hotmail.com
679-40-8897,Ashley Carter,5759053299,jonathan03@gilbert-sawyer.com
155-31-6129,Taylor Harrington,001-169-036-8728x45275,snowbenjamin@deleon-todd.com
202-14-1138,Mr. Jeremiah Cox,782-084-3109x7737,nespinoza@yahoo.com
561-72-8688,Craig Dixon,929-728-8559x567,selena28@jones-mcgee.net
338-34-5525,Kimberly Williams,964.107.1626x087,annaboyd@yahoo.com
272-78-1285,Joshua Kelly,4095258821,vboyd@guzman-chung.biz
846-50-0828,Rebecca Kent,001-902-559-1468x0630,cdavis@ramirez.com
594-30-9180,Travis Matthews,766.484.2050,feliciaperez@hotmail.com
872-02-0328,Anthony Reyes,195-445-9279,gwendolyn07@hotmail.com
084-78-2302,Katherine Nunez,(998)610-2003x32130,bakerbrian@griffin-black.com
812-09-7175,Janet Trevino,429.302.2965x384,mark56@hotmail.com
885-93-4194,Cody Rivera,+1-757-198-4266,oguerra@santos.net
398-29-6259,Allison Campbell,3934620111,wendyhawkins@johnson.com
718-97-0290,Charles Fritz,401-931-7068x9775,simmonsjohnny@miller-harmon.com
169-67-2151,April Erickson,905.743.7122x3169,alexandergolden@hotmail.com
203-03-9486,Kathleen Banks,180-369-2528x966,enelson@hotmail.com
543-70-3368,Gregory West,948.232.4913x74137,amythompson@ramirez-hoffman.net
400-91-7319,Christopher Choi,(101)288-0643x73071,jeremyelliott@yahoo.com
448-68-7733,Luke Bryant,090.183.7775,kmyers@reeves.com
273-81-2505,Aaron Hamilton,+1-308-179-3339x6172,morenojoshua@hotmail.com
766-81-5639,Steven Buckley,(545)500-3186x9702,lisawilliams@wells.com
648-57-5773,Sabrina Arnold,+1-835-476-8088,johnsonpaul@hotmail.com
082-31-6756,Deborah Christensen,(071)156-8741,sheppardterri@yahoo.com
079-53-4824,Chad Henry,(132)867-2691,garciajeffrey@gmail.com
842-97-7963,Bradley Miller,(538)157-4232x3408,arthurhernandez@hotmail.com
278-53-0424,Brenda Riley,640.335.1534x249,garciamargaret@crawford-baker.info
488-78-1178,Patricia Carter,(075)058-9385,rossjoshua@yahoo.com
735-72-3587,Kim Rowe,+1-541-906-0721x553,gillaustin@yahoo.com
638-74-4810,Mrs. Brittany Walker,939.539.8703x1076,bryantcharles@gmail.com
637-71-4593,Jasmine Price,001-774-440-3755,mariowright@king.com
391-33-8322,Brittany Smith,001-387-356-5661x4585,pamela86@hotmail.com
431-10-0983,Allen Thomas,(438)791-3707x24486,medinarobin@gmail.com
177-13-5786,Kevin Kline,(998)875-0493,glenntorres@burke.biz
643-07-6650,Nancy Johnson,918.898.2607,robertgriffin@perez.com
196-35-9502,Rebecca Jacobs,568-379-8947,dwhite@gonzalez.com
553-15-4448,Matthew Mills,723.920.7673,jenna75@mclean.biz
108-37-9779,Veronica Ramos PhD,792-183-6372x89922,rhonda84@berry.biz
102-63-2711,Brandon Gilmore,+1-988-269-4602x508,kimberlybenitez@evans.com
355-14-4792,Jennifer Harper,001-689-735-3790x748,erin26@miller.info
205-92-2189,Cynthia Chavez,+1-291-093-1969,michael34@hotmail.com
355-61-6047,Dale Cantrell,(274)927-5095x68040,kathleenquinn@hotmail.com
753-80-2781,Keith Fernandez,629.523.8559x46018,emilyhopkins@wilson.com
421-69-1631,Olivia Thompson,981.656.4475,igutierrez@leblanc-patrick.com
315-89-2005,Nicole Smith,+1-740-628-9054x696,tina88@gmail.com
282-16-2096,Kimberly Riley,1452588931,tmorrison@hotmail.com
212-62-4922,Melissa Vazquez,408-978-6420,peter39@gmail.com
101-47-3642,Jennifer Thornton,(388)617-6667x8395,jacob85@gmail.com
647-08-9588,Renee Greene,001-171-424-5964x4377,rwall@gmail.com
793-90-1654,Thomas Hughes,+1-736-594-1345x285,jrussell@yahoo.com
884-51-8109,Jacob Peterson,001-751-851-2305x29459,whitneylori@finley.net
271-94-4542,Deborah Watson,(495)457-2077x986,dunlapjoseph@hotmail.com
699-23-3945,Angela Christian,124-981-2839x06943,chelsey61@gmail.com
201-59-1868,Jackie Levy,001-665-372-2750x3026,morganmarie@roberts.com
111-21-5458,Amy Hansen,678-348-4481,royfields@briggs.info
850-69-4825,Adam Mitchell,375-299-8082x428,susanfuller@adams.com
622-93-3503,Courtney Palmer,001-327-680-0989x076,dgeorge@moody.com
145-05-8409,Haley Foster,+1-014-220-3389x75122,orobertson@kelley-gray.com
013-16-8033,Sherri Houston,+1-640-450-8870x6268,jonesdominique@oliver-wilkinson.biz
501-21-6732,Daniel Gonzales,001-313-508-1637,adam12@sullivan-wilson.com
552-67-6625,Jeffery Sanchez,304-620-8907,andrewcarpenter@yahoo.com
642-21-0318,Catherine Moore,903-994-9166,ecoleman@hotmail.com
871-09-5888,Carmen Hurst,(176)817-8582x533,richardjohnson@george.info
598-78-6760,Robert Lang,(520)177-7999x1686,chrispierce@yahoo.com
408-53-6633,Sandra Taylor,588.810.4603x563,cantutaylor@jimenez.com
400-36-9118,Lori Moore,919-235-9754x08161,andreaalvarez@murphy.com
368-74-9956,Kristin Moran,5181870128,millerlisa@gmail.com
686-44-0496,Theresa Johnson,+1-040-008-7003,joycealexandra@yahoo.com
830-30-2018,Melanie Young,001-651-426-7153x9237,joan88@hotmail.com
886-06-8585,Peter Jordan,+1-609-980-7367,iking@yahoo.com
457-54-3072,Kelsey Ryan,270-293-3250,thomas87@yahoo.com
517-30-4610,Steve Galvan,126-365-4486x991,lindsay30@kim.info
695-06-2274,Vanessa Ross,+1-369-179-4491,timothy75@yahoo.com
360-62-8266,Stephanie Brown DVM,(202)754-7743,rodriguezjessica@gmail.com
267-16-3264,Brent Hubbard,2776548616,anthonyholt@rivera.net
732-63-6992,Seth Johnson,+1-625-203-4434x12638,rhondaaustin@yahoo.com
641-56-8175,Marcus Foster,626.917.7471x0325,udavidson@anderson-jordan.org
443-98-1021,Mr. Jason Branch,2814812412,patriciaheath@hall.biz
276-97-3947,David Bishop,330.847.8752x0389,tyler10@hammond.com
884-45-3709,Derrick Hawkins,+1-638-386-8087x11466,hollycastro@vaughan.com
068-14-6696,Ariana May,758-924-8366x84343,oroach@gmail.com
134-23-8119,David Brown,+1-019-846-6442,uespinoza@elliott.com
776-88-1920,Devin Schmidt,(955)839-2627x8770,wkennedy@hotmail.com
868-34-8814,Charlotte Wilson,(063)805-5500x896,wongrobert@palmer.org
128-30-7477,Brianna Wells,(369)711-6557x242,phelpsshane@hotmail.com
089-79-7113,Jeffrey Griffin,717-099-9478x3729,swheeler@gmail.com
239-44-5268,Tommy Diaz,001-371-169-2319x67838,rachael42@howard.com
105-14-0960,Victoria Morrow,(275)185-6357x29178,cantrelllisa@nguyen-singh.com
042-30-2078,Nicholas Zhang,(026)281-5980,cannondavid@fuller.com
086-77-2733,Helen Perez,(649)698-5388x233,natalie26@klein.info
832-20-0526,Christopher Donovan,331.737.2830x79668,johnreynolds@dawson-griffin.com
756-91-8468,William Wright,+1-762-728-5936x7541,joseph61@hotmail.com
399-99-0012,Tammy Fleming,(997)603-0775x2335,isolis@baird.net
009-49-4135,Kristin Wang,8986532114,grahamadam@rios-howell.info
124-67-8158,Troy Wang,(717)224-4553x58366,cody60@gmail.com
869-51-4468,Stanley Smith,(822)151-7885x5410,alison97@gmail.com
880-16-8443,Anthony Chang,142-368-4177,anna67@johnson.com
009-33-0091,Tanya Arellano MD,0070209625,uvazquez@wilson-zhang.org
825-33-2622,Rachel Miller,+1-435-290-7340x62349,alexander51@hotmail.com
022-63-5276,Megan Pittman,476-225-1357x810,douglasmccarthy@lawrence.net
604-58-7380,Lisa Durham,(746)524-4087x85977,kevinedwards@yahoo.com
596-44-7098,Chris Ramirez,+1-190-810-1323x923,okaufman@hotmail.com
232-80-0100,Matthew Evans,001-857-915-9884,vsanchez@hotmail.com
688-75-4818,Heather Mcintosh,850-586-3182,hmiller@hotmail.com
260-67-1006,Rebecca Farmer,898.356.8442x20967,hebertcharles@baker.com
683-84-0833,Hannah Wood,752.266.6439x021,millerjason@gmail.com
124-68-9508,Carlos Garcia,9995697062,irodriguez@hotmail.com
315-32-8673,Kimberly Waters,(089)978-5682x769,stevensolomon@travis.biz
633-31-1939,Aaron Green,599.101.3976,ebryant@sparks.org
087-81-0867,Anthony Torres,+1-276-913-1517,terryjames@odonnell.info
487-57-1543,Michelle Blake,+1-546-854-4116x360,brownjake@yahoo.com
210-45-1682,Arthur Maxwell,398-156-7838x430,bonnie36@rosario.info
311-44-2852,Alexis Reed,081-745-8268x1606,jake60@ramos.org
329-17-9825,Jacob Mccarty,3998893769,dannythomas@yahoo.com
051-41-7820,Hannah Martin,969-010-6229,kellerjames@hopkins.com
651-34-3400,Frederick Morse,001-108-306-1808x1250,nicholsamy@zimmerman-perkins.com
520-22-5071,Brandon Holt,699-427-7474x14395,williamdillon@gmail.com
873-14-1986,Richard Gross,396.263.5440,nicolenunez@moore.com
603-58-7277,Melissa Oliver,(428)479-4205x25172,kayla50@yahoo.com
425-74-9012,Craig Bowen,+1-849-161-0509x06340,tina93@hotmail.com
709-84-5034,Oscar Hernandez,131-098-7310,terrykenneth@yahoo.com
501-65-7536,Tamara Williams,788-599-8546,icollins@gmail.com
282-05-9318,Tina Gibson,001-529-638-0418x9873,juarezjeffery@gmail.com
579-94-4659,Heather Richards,001-616-250-1490x59285,fowlerdebra@hotmail.com
329-89-6584,Nicole Baker,(319)523-9153x668,kristadavis@yahoo.com
074-05-7985,Kimberly Mercer,(109)696-1200x83753,kennethriddle@yahoo.com
119-53-7846,William Bradley,829-576-4700x27777,laura41@sharp.info
741-91-4330,Amanda Jackson,4444997295,martinezrobert@hotmail.com
074-20-7657,Savannah Smith,001-942-791-5716x30357,clarknatasha@clark.info
067-70-5541,Dawn Marshall,001-054-235-1600x14074,burtonbriana@yahoo.com
031-52-8756,Christine Harvey,031-113-8329,daniel36@krause-vasquez.com
084-61-4584,Gary Banks,001-131-350-9134x242,abigail60@gmail.com
491-66-0774,Timothy Taylor,+1-478-902-0004x4437,thomas76@gmail.com
656-05-6592,David Simmons,(250)127-5764,yharris@hotmail.com
097-13-0622,Stephanie Brown,338.814.6767x031,moraleskatherine@ramirez.com
354-01-0810,Alex Nixon,2078376202,cherylwhite@gmail.com
478-19-0743,Matthew Lambert,+1-868-618-5867x31809,mwilliams@johnson-williams.info
307-28-9084,Elizabeth Howe,958.113.4013x84900,qharris@yahoo.com
016-26-1261,Kathleen Smith,730.377.9266x0159,martinezbrooke@hotmail.com
070-16-6693,David Warren,(294)323-2306,jeffthornton@yahoo.com
625-81-1619,Maureen Anderson,7131600372,iguzman@russell-wright.net
496-79-2434,Denise Nguyen,082.035.5827x72283,scott23@rodriguez.com
806-01-9228,Jon Baker,027.728.1547,allenkatie@gmail.com
584-66-9217,Monica Leach,249.146.2848,duffyalex@bowen.biz
881-03-7030,Dominic Garrett,+1-245-809-1354x420,michael98@pacheco-mercado.com
868-29-0662,Julie Moody,4216416316,katherine40@romero.com
615-13-0012,Maurice Dominguez,9928026981,johnsdorothy@yahoo.com
802-48-7362,Ashley Stephens,001-368-280-1132,dmartinez@hotmail.com
770-09-3287,Brandon Chapman,+1-512-990-9873,pwright@montgomery.info
546-07-2291,Dustin Hunt,(818)115-2746,brookemueller@yahoo.com
163-46-7809,Ryan Gilbert,622-721-2803,erodriguez@hotmail.com
714-20-4362,Randy Collier,5657862830,jeffrey41@hernandez.info
212-89-0910,Sean Lewis,1588023998,jessicaflores@yahoo.com
320-13-5152,Michael Brown,(264)639-2234x194,stephenmitchell@gmail.com
824-22-2743,Mary Tucker,225-883-0585x30625,charlesphillips@cantrell-dunn.com
209-96-3226,Tammy Manning,(083)830-7794,ntaylor@gmail.com
705-12-6618,Michael Williams,596.343.7336x4456,barnettangela@hotmail.com
110-98-4884,Joshua Vazquez,001-767-101-6366x410,tfranklin@nielsen.com
882-99-9795,Jordan Santiago,+1-058-759-9523x5259,hochoa@yahoo.com
615-64-1518,Karen Kim,(021)225-5448,michaelwilkinson@hotmail.com
662-62-5997,Rebecca Barnes,1569910011,shelley51@reynolds.net
091-57-8873,Danny Hoffman,001-579-911-1413x43975,julie46@hotmail.com
141-58-2553,Lauren Jackson,907-862-4441x74072,treyes@hotmail.com
823-14-6860,Willie Ward,(904)121-0851,charleswalter@mckenzie.com
472-14-7354,Katie Delgado,(078)089-2438,jessicamckay@hotmail.com
498-32-1184,Rebecca Huber,+1-468-151-3983,petersoncheryl@thompson-humphrey.com
073-77-5297,Anthony Scott,+1-196-207-2619x12383,brycemitchell@hotmail.com
489-61-1185,Richard Montes,3837374198,floresclayton@yahoo.com
844-30-0515,Curtis Jackson,(262)226-0897x22081,ngarcia@hotmail.com
394-64-4344,Daniel Foley,(649)964-2667x089,christy99@hotmail.com
392-44-9658,Jacqueline Reynolds,550.645.1499,joannagreer@gmail.com
168-80-4051,Brandon Simpson,(185)529-7747x835,amanda03@lewis.com
016-56-7805,Jennifer Salinas,822-180-0215x292,hawkinsstephanie@heath-brown.biz
445-50-2935,Jill Jackson,005.899.2323x92164,glopez@stewart-henderson.org
366-06-7197,Edward Kennedy,106-962-3189x795,erinflores@gmail.com
618-40-4489,Caitlin Hull,596.928.6880,susancruz@gonzalez.org
851-51-7636,Dustin Ramos,498.398.9056x3579,suttonandrew@york.com
478-54-1130,Gary Rubio,616.735.2023x2197,tabithathomas@snyder-wright.com
653-85-4707,Patricia Williams DDS,+1-851-514-0701,tonya78@harrington-sandoval.com
265-20-3918,Jacqueline Johnson,001-703-179-5833,zdurham@yahoo.com
835-12-3877,Dr. Kevin Williams DDS,(820)039-3798,zstrickland@meadows.com
621-99-9936,Eric Graham,+1-236-639-5382x865,randallwillis@yahoo.com
513-97-9980,Isaac Quinn,0802767561,johnnyrodriguez@sparks.info
623-33-1514,Susan Villa,001-876-907-7133x72091,carlsonchristine@hotmail.com
223-88-4350,James Cole,(608)615-0362x2026,michael01@le.com
359-04-5668,Anthony Hill,241.726.1567,thomas11@yahoo.com
094-10-5251,Michele Jones,001-981-435-5998x34255,alexander63@hotmail.com
456-63-6135,Debra Leonard,001-661-199-5023x6257,hscott@pittman.org
193-10-0203,William Johnson,(591)798-3049x553,perezanthony@clark-foster.net
881-80-3028,Patricia Cisneros,(285)844-0182x2121,dbanks@hotmail.com
342-93-6107,Jennifer Hopkins,(700)545-4619,coxjennifer@hotmail.com
497-69-6756,Kimberly Stokes,729.030.7591x33599,robin93@hotmail.com
458-11-2570,Joseph Collins,206-922-8361x807,ryan20@yahoo.com
360-86-4810,Danielle Figueroa,232-015-5269,rross@avila.net
696-54-1203,Mackenzie Mercer,(100)209-7888,hannadean@lamb-young.com
508-03-6467,Jason Villarreal,053.310.8132x15396,aprince@mason.biz
035-95-6905,Lori Fleming,527-193-9602,marissa96@mack.com
129-22-5835,Joshua Graham,029-890-8385,angelaadams@hotmail.com
377-20-1676,Jacob Duncan,181-164-5673x1352,sroach@gmail.com
826-11-5274,Miss Gina Green,001-821-692-8926x2435,brianna24@jones-dunn.com
191-93-4720,Kyle Rodriguez,713.294.9196x0361,curtisluke@yahoo.com
205-29-9571,Beth Williams,(560)643-8358,alandavis@gmail.com
834-52-2729,Robin Cook,(204)545-2134x097,tsloan@gmail.com
308-54-7166,Ethan Petty,(268)872-9611x13365,dwashington@campbell.com
190-90-6067,Jessica Lynch,(317)316-1952x042,aimeehanson@williams.net
896-03-5400,John Allen,388-560-3873x17810,allenandrew@hotmail.com
032-76-9800,Bobby Howard,356.372.4519,robert32@wood.biz
498-29-2389,Ariana Price,001-145-536-7930x134,justincrosby@gmail.com
631-17-1521,Crystal Garcia,4303571957,lross@yahoo.com
196-76-5637,Krista Smith,001-057-259-8559,strongkyle@lopez.com
213-97-4804,Robert Levine,(611)077-4559x18933,tim03@ali.com
751-76-4503,Duane Taylor,766-445-1165,james89@berry.com
893-52-9922,Robert Chapman,247.402.9984x11312,brianrusso@miller.net
620-77-8337,Tina Christensen,(702)622-6496,cdawson@james.org
710-48-4923,James Jackson,+1-499-276-5078x94699,jonathananderson@clark-wyatt.com
311-29-9224,Angela Weaver,657.743.7843x71326,qmiller@rogers-moss.com
800-98-8575,Jeffrey Sullivan,+1-097-007-5802x975,zachary90@hotmail.com
