AttendeeId,AttendeeName,AttendeePhone,AttendeeEmail
352-92-6398,Linda Sweeney,+1-427-220-4146x48909,blakejoel@gmail.com
249-97-2382,Sabrina Briggs,+1-230-244-8096x76120,borozco@yahoo.com
503-19-1061,Megan Burke,9723739565,obrienbarbara@yahoo.com
675-37-4055,Erica Santos,001-376-947-7549x1648,warrenkenneth@leonard.com
369-26-0872,Monique Marshall,120-080-9256x381,yodermichael@yahoo.com
420-83-8799,Loretta Porter,365.433.2589x8157,lauriecrawford@gmail.com
152-10-6143,Ernest Day,603.834.2455,pricenicole@waller.com
139-09-6615,Allen Duncan,(339)047-0769,jennifer35@peterson.info
820-85-6067,Troy Irwin,810.516.9364,alexis52@yahoo.com
329-54-5375,Shawn Smith,186-635-0994x6010,uwright@hotmail.com
173-18-7946,Randall Nelson,979-450-0705x24764,ashley49@harris-gilbert.com
204-20-5227,Brooke Thomas,508-204-6080x76130,mackenzie25@yahoo.com
078-89-5569,Robert Jenkins,+1-818-702-4006,erika86@burnett.com
268-12-3134,Michael Snyder,001-202-351-3175x122,edward44@gmail.com
384-74-0106,Robert Taylor,(089)310-9125x977,mperry@armstrong-ferguson.com
638-41-1873,Jillian Morton,227-282-4375x67717,cheryl20@gmail.com
124-52-9551,Mark Williamson,(453)969-9923,khenry@pham-gordon.net
180-27-7752,Jennifer Erickson,(939)359-0811x85340,miguel49@gmail.com
336-98-5620,Brittany Mathis,(978)180-8542x668,larellano@gmail.com
596-02-4568,Rachel Wilkinson,(589)478-0114,mathewsmelissa@guerra-diaz.org
456-99-9119,Ashley Williams,483.856.7859,rwilliams@yahoo.com
189-09-6120,Michael Cunningham,043-107-3114x092,amandaanthony@hotmail.com
012-53-9295,Michael Miranda,(615)152-7842,marisalucero@anderson.biz
755-25-4952,Melissa Clark,332-023-4618,bgiles@gmail.com
205-62-1172,Isabella Rasmussen,618.649.3821,watkinsamber@hotmail.com
779-61-8876,Tara Ruiz DVM,107.941.8884x1817,emilysantiago@jones.com
349-64-3082,John Cooper,024-665-6496,katherine96@huber.com
290-59-8003,Donna Shaw,610.775.4657,owhite@rivera-robinson.info
731-10-5835,Todd Hicks,174.560.1587,wilsonbradley@moore-gonzales.com
068-41-9711,Sara Obrien,(993)049-6728,lodom@walter-johnson.biz
214-99-4798,Thomas Turner,886-448-3774,brittanyedwards@rodgers.com
299-75-5839,Amber Reed,001-730-571-9647x26179,oroberts@hotmail.com
721-24-6356,Michael White,928-267-9560x7223,jessicahall@atkinson.biz
034-64-5789,Justin Rodriguez,1409173916,kyleortiz@hotmail.com
862-60-2287,Daniel Good,001-024-589-8350x531,blambert@johnson-heath.com
323-37-0784,Jason Roberts,(036)881-8506,sanchezyvette@gmail.com
412-33-0777,Jason Lewis,+1-729-718-3288x398,brandon78@taylor.com
874-12-2197,Lori Mason,+1-458-431-6922,christopher28@peters-mercer.com
546-31-0165,Ashley Ramirez,+1-963-305-7060,cookallison@nunez.org
599-06-0343,Keith Lawrence,001-143-401-9733x107,harmontimothy@gmail.com
565-79-7032,Valerie Parker,001-277-150-7086x53658,deniseperez@hotmail.com
754-43-0144,Mercedes Norris,7260844378,ikelly@solis-young.com
547-48-4457,John Thompson,+1-816-714-6785x6849,gsilva@collins.com
633-25-9979,Elizabeth Stevens,(347)188-2944,frankwalls@smith.com
113-03-6160,Jason Snow,+1-914-828-0163,jeffrey79@gmail.com
818-07-8203,Beth Tucker,872.550.6417x47310,aguilarstephen@yahoo.com
075-40-9361,Joshua Castaneda DDS,(464)194-2670,jonathan88@hotmail.com
035-67-3495,Gregory Clayton,283-724-9697x000,nporter@hotmail.com
451-47-1071,Kathleen Bennett,893-919-2399x7852,bailey72@gmail.com
183-98-9703,Brenda Orozco,+1-362-372-7569,marshvincent@gmail.com
414-33-4828,Mary Weaver,730.594.0566,tbell@gmail.com
247-45-3384,Roger Martinez,924-887-1705x9588,framos@brooks.com
121-83-0118,Kayla Mcguire,+1-605-573-8555,williammiles@hotmail.com
848-08-9912,Jared Anderson,001-509-836-7157x24708,robertforbes@gmail.com
825-72-1850,Cathy Osborne,392.417.2330,watsondalton@baldwin.com
645-27-1614,Kevin Garcia,686.102.7374x72092,xchan@stewart.com
663-35-4390,Michael Jenkins,980.844.4088x8747,john99@hotmail.com
116-22-3893,Julie Jordan,(847)046-9794,rebecca84@hotmail.com
815-36-0794,Jessica Davis,988.387.6329,chad97@hotmail.com
879-05-1451,Robert Quinn,001-623-253-7359x082,hstanley@hogan.com
450-84-3908,Timothy Powell,+1-314-683-8119x6088,james13@hotmail.com
806-13-3446,Caitlin Ayers,001-183-391-8260x046,pdecker@hotmail.com
503-45-3238,Carl Williams,001-396-871-9021x9289,pbenitez@gmail.com
134-97-0509,Andrea Robinson,001-251-719-0251,melissa29@weber-oneill.info
750-63-7816,Tyler Stephenson,730.087.8796x72136,brittany91@mack.org
470-70-2062,Brandon Hess,717.251.9218x9275,ywyatt@herrera.com
451-30-5757,Michael Allison,(118)310-3997x2961,jillianleonard@obrien.com
560-34-4236,Craig Williams,2301866454,cynthiaward@yahoo.com
433-75-5260,Carrie Castillo,005-163-1960,pbowers@yahoo.com
055-21-2614,Meghan Sutton,3055651408,christophersanders@collins-mercer.com
477-73-6878,Joshua Hayes,+1-625-958-5460x8253,jeffreyberry@charles.com
578-94-6723,Michelle Norris,962-901-0576,eromero@yahoo.com
557-30-3907,Tanya Evans,545-247-0535x965,ydunn@gmail.com
787-48-1419,Lindsey Alvarez,001-518-067-1658x72944,eduardo69@gmail.com
556-70-8321,Austin Gutierrez,001-687-177-1611,kristin18@thompson-roberts.info
697-77-1530,Erin Mcconnell,946.240.1601x7960,davisraymond@hotmail.com
392-39-7145,Madison Smith,001-124-385-2147x357,alvarezcaleb@moore.com
327-59-1372,Brittany Jefferson,001-763-912-9647x44212,joshuaphillips@brown.org
777-83-1565,Nicholas Marquez,(405)932-1493x5651,jennifergeorge@ramirez.com
854-86-7278,Rodney Castillo,867.433.9974,richard37@faulkner-steele.com
484-28-4818,Alicia Nichols,455.110.7287x9486,kennethschneider@dunlap.com
882-99-8557,Jennifer Gomez,(014)755-6869,carla85@ramirez.info
805-30-6530,Robert Phillips,978.673.9762,zsanders@pitts.com
800-80-7639,Patricia Dodson,+1-935-578-9498x336,millerbarbara@yahoo.com
473-09-6079,Kyle Jones,001-626-643-1977x15770,charles12@cline.com
318-14-5845,Thomas Cowan,(142)200-6147,mia47@yahoo.com
728-88-6263,Sabrina Leach,001-739-524-0218x2149,anthony23@barnes-hall.biz
047-99-6098,Mallory Roberts,956.426.6139,wheelermason@gmail.com
814-41-4129,Holly Foster,001-324-449-9613x122,gchristensen@mendoza.com
546-73-8518,Justin Santos,+1-278-606-9890,stephaniemartin@gmail.com
180-48-7488,Jeremy Moreno,+1-982-863-8162x704,john18@henry-martinez.org
161-07-2654,Aaron Taylor,(468)269-0169x3633,amay@evans.com
077-67-7832,Eric Ford,208.959.5883,perezcalvin@gmail.com
482-44-0027,Susan Hall,679-327-8751,kfowler@gmail.com
285-21-7248,Michael Marshall,905-793-9758x7090,kjackson@hotmail.com
780-45-3212,Michael Cole,(350)466-9944,joconnor@yahoo.com
157-94-2971,David Jones,942.226.7145x4412,petertaylor@yahoo.com
478-92-8134,Patrick Martin,001-162-237-4009x1167,jamesgarcia@gmail.com
351-73-5762,Taylor Mayer,760.834.3281x76264,christinaweber@johnson.net
852-14-3736,Randy Brown,531-381-4417x94566,edwin75@hotmail.com
749-68-6106,Cameron Ward,+1-025-188-6903x7652,rachelmartin@gmail.com
375-42-2263,Donald Smith,602-594-7983,linda17@mcconnell.com
076-42-5455,Angel Goodwin,001-097-184-0385,chencatherine@stanley.com
191-13-4814,Michael Hubbard,769.606.9638,marc26@hotmail.com
143-08-6191,Jasmin Harris,632-802-6286,zritter@hotmail.com
012-64-3640,Aaron Horton,175-968-4909x4946,tammycampbell@dyer.com
859-37-1431,Renee Wood,190-880-8286x76151,debrasimpson@yahoo.com
020-11-4470,Donna Chen,001-771-982-4496,brownjacqueline@yahoo.com
667-97-2535,David Lewis,+1-229-375-5474x5610,vcombs@white.biz
639-86-4950,Ashley Parker,001-804-532-3746,kimberlyflores@phillips.com
778-59-2675,Brian Valenzuela,9391719422,zsalazar@yahoo.com
488-67-7255,Austin Miller,4234441762,kimberlyscott@ramirez.com
898-27-9973,Craig Whitney,432-973-8456x8712,joynovak@yahoo.com
629-41-2924,Veronica Watson,001-315-241-2854,brianmcgrath@zamora-simpson.com
274-80-3677,Jeremy Sanchez,112.395.5868,zlopez@smith.com
016-15-1796,Joe Young,144.330.2098x499,guymiller@wang.com
092-61-7019,Tammy Aguilar,+1-721-610-3761x7738,richard29@rojas.com
724-51-4178,Peter Lewis,(455)708-2407,dennisjohn@harmon.com
175-54-5006,Joseph Stanley,(238)231-6064x8100,icampbell@hotmail.com
140-28-6427,Edwin Patton,001-110-040-7299x26495,warddiana@dixon.com
042-45-6711,Mrs. Barbara Cook,792-648-8693,brittanysingh@gmail.com
188-13-6342,Timothy Sanchez,001-378-837-9424x513,dennis55@shaffer.com
207-05-1097,Miranda Sherman,001-832-221-1483x578,loriwright@gmail.com
283-66-9908,Kim Frye,587-366-5229,middletoncarolyn@diaz-carpenter.com
895-07-7056,James Mendoza,001-354-968-0001x119,jacobsnathaniel@gmail.com
254-69-0939,Alex Castillo,102-883-1572x585,james81@gmail.com
067-45-6219,Joseph Price,595.173.7643x5857,robinsonjeremy@hotmail.com
409-91-2118,Rose Osborne,(070)344-1186,chambersandrea@parker-banks.info
139-41-1500,Matthew Ramos,(446)375-8028x4808,william14@nguyen.biz
766-18-5220,Denise Morrow,(479)871-7685x69378,ericmartin@rodriguez.com
818-95-2914,Eugene Barnett,+1-121-688-2595x153,cedwards@hotmail.com
569-66-7452,Natalie Flores,+1-076-080-1767,florestammy@hotmail.com
660-06-1655,Jennifer Austin,(100)356-1937,andersonjenna@yahoo.com
063-05-2823,Rachel Stevens,+1-891-463-6063x6548,aguilarjane@heath-mann.com
313-34-0417,Gina Chandler,001-009-590-7802x08801,ucollier@davis.com
742-14-0188,Chase Clark,972-386-5416x5144,hbradford@smith.com
299-26-4772,Maurice Peterson,(339)948-9154x3767,owensmark@walker.com
308-34-9665,Michael Fisher,+1-023-201-9046x140,bishopvincent@george.com
754-30-8539,Nicole Mcguire,001-520-871-8567x58511,jasmine84@yahoo.com
543-61-2234,Kathleen Reyes,5138730978,brettgay@yahoo.com
094-86-9177,Robert Weber,962-409-1803,iorr@castillo.com
876-86-3146,Cynthia Davis,+1-574-852-5546x956,rickybuchanan@gmail.com
395-34-6915,Seth Allen,390.388.5098x463,pchavez@gmail.com
687-19-0995,Gilbert Miller,+1-358-629-5202,williammccall@munoz.com
449-60-8471,Kenneth Alexander,571-197-1811x59404,shaundavies@yahoo.com
276-93-8205,Mary Nelson,001-264-409-6975x0429,smithdavid@mcclure-gomez.net
797-44-6019,Elizabeth Lewis,(121)376-2332,blakedouglas@nelson.org
852-42-4665,Bethany Smith,001-007-085-6444x418,ejohnson@kline-bishop.org
243-03-9465,David Rose,024.382.1746x674,pollardbeth@gmail.com
125-72-7276,Monique Caldwell,+1-024-714-7562x37944,murphykelly@lutz.info
457-35-8141,Ashley White,(361)386-9278x209,mclaughlinkelly@mosley.com
021-41-0691,Lisa Cox,001-970-585-9912x092,scottscott@gmail.com
525-15-6292,Victoria Brooks,655-657-6336,donna69@hoffman-le.org
257-97-4128,Craig Mckinney,181.868.1414x89298,david66@alvarez-thompson.com
498-29-1296,Brian Lee,162-663-9859,perezkenneth@mitchell-simpson.com
549-09-8784,Mary Ferguson DDS,+1-853-517-9212x5916,bwilliams@gmail.com
105-54-9775,Andrew Williams,043-986-0198x46978,ibowers@gmail.com
736-84-6126,Casey Mack,295.584.5028,thomas19@macias-pierce.com
880-81-5939,Thomas Fitzgerald,3928128088,opotts@yahoo.com
389-71-5052,Timothy Rhodes,+1-771-016-8980x9133,pnorman@yahoo.com
051-50-0256,Angel Cuevas,145-750-2233x65314,tellis@yahoo.com
155-99-1417,Lisa Murray,899.891.0106x52069,kimcoleman@west.com
687-13-5409,Dylan Rice,1899433246,gdixon@gmail.com
332-60-1506,Stephen Green,739.618.2923x110,coopercindy@shaw-vasquez.info
617-19-7108,Joseph Hardin,001-556-066-9104x036,carlanguyen@hotmail.com
032-16-4982,Heather Perry,832-028-7657x041,joycechristian@price.com
885-15-7562,Adam Clark,711.076.7582x9161,jamesmunoz@franco-olson.com
875-82-8697,Ruth Wheeler,001-820-901-8134x92657,sydney19@yahoo.com
084-25-3351,Frank Gordon,649.730.4536,hudsontammy@gmail.com
737-23-5852,Deborah Nguyen,(995)053-7407,bmiller@gmail.com
180-53-4997,Janet Torres,813.607.9463,kimberly04@gmail.com
108-98-4753,Melissa Chaney,(350)498-1246,trobinson@gordon.com
067-29-6059,Taylor Bass,584.776.8659x796,bethwilson@garcia.info
697-18-7764,Ashley Collins,126.124.3975,alexandracamacho@griffin.info
718-58-2983,Karen Cohen,+1-824-847-2705x38437,jamesrodriguez@yahoo.com
625-77-0377,Sandra Howell,944.195.4282x011,pwilliams@yahoo.com
400-02-3201,Anita Hernandez,271.264.1037x172,saustin@hunt.com
054-15-9226,Danielle Perez,001-699-345-4728x766,martinnicole@gmail.com
406-32-6424,Olivia Colon,511.842.1657,allenleah@patel.com
463-89-1566,Matthew Edwards,154-323-7687x884,ann82@hotmail.com
894-32-4063,Mary Johnson,001-911-180-5565x64345,holtallison@larsen.biz
462-19-9389,Allison Kent,623-510-4096,jacob70@hotmail.com
670-36-1060,Philip Freeman,960.312.0060,haroldlawrence@morgan.com
431-85-4838,Kevin Bentley,773.006.0353x5434,deannahart@hotmail.com
808-63-9730,Dr. Joshua Larson,(290)438-4351x12987,rbanks@gmail.com
423-89-7139,Randy Cooper,+1-624-656-3441x45466,jesse83@hotmail.com
214-51-3143,Shaun Rogers,001-189-381-2381x51454,xbenson@johnson.net
727-95-1166,Javier Jordan,792.189.0576x4917,qgonzalez@gmail.com
784-39-0897,Cole Ryan,001-146-179-2298,hroberts@hotmail.com
098-07-8402,Juan Parker DVM,(404)050-3273x91587,carol86@morris.org
602-43-1607,Amber Lopez,021-683-4209x685,grantkyle@hotmail.com
490-20-1609,Catherine Reynolds,101-441-9972x33517,michaelmartin@yahoo.com
610-64-7738,Jason Davis,150-310-3927x4628,gonzalezlinda@mason.biz
804-05-4439,Megan Stanley,+1-730-356-7851x0271,trujillofrancisco@gmail.com
591-75-9242,Julie Coleman,+1-677-912-3480,hendricksamy@ayala-esparza.com
283-10-9662,Randy Kelley,615-895-5552x71661,jmcbride@yahoo.com
216-20-9904,Julie Fisher,+1-193-895-0183x655,cantrelldavid@price-day.com
126-75-0530,Michael Guerra,(477)191-6316x74123,josephward@clark-bowers.com
890-47-5840,Kathryn Anderson,536.868.1691x589,hamiltonscott@hotmail.com
471-16-2517,Malik Tran,+1-135-465-7556x73237,joshua67@stevenson.org
661-07-8858,Brian Mckinney,001-799-137-0460x562,pbecker@yahoo.com
121-73-9961,Christian Franklin,049-362-8044x8969,ncontreras@yahoo.com
363-08-3773,Brian Martinez,001-596-204-1296x04505,ysimon@hotmail.com
748-81-5364,Miguel Sandoval,+1-731-349-0141x92749,whitefrank@hotmail.com
465-17-3929,Dennis Bell,+1-998-320-2143x885,drewwu@hotmail.com
164-55-2765,Michael Brown,225.592.1194x25011,kimberly04@gmail.com
634-59-4400,Tamara Lane,001-819-230-6671x656,jodysalazar@mccann.com
405-55-6171,Doris Harding,+1-151-959-5169x00399,alexis92@gmail.com
268-43-2692,Dr. Laurie Day,5709363877,hvilla@robinson-hernandez.info
481-35-6714,Matthew May,+1-512-846-6479x677,bakerheather@snyder-sanchez.com
364-03-3627,Craig Lynch DDS,+1-700-735-0867,zkelly@hotmail.com
754-77-6301,Elizabeth Smith,3364639646,brandtallison@hotmail.com
156-16-0516,Sarah Martin,047-935-8312,crobertson@garcia.net
596-99-1678,Ashley Griffin,001-276-174-4222x41324,meltonedward@gmail.com
270-51-8339,Lisa Bryant,+1-822-711-8458,brandi49@wilson.com
295-14-5708,Trevor Hicks,3162670879,xparker@hotmail.com
607-21-3554,Henry Clark,(898)744-4019x3041,russelljohn@gmail.com
863-87-0157,Laura Vasquez,967.813.3306,riveraantonio@allen.com
808-29-0691,Samuel Robinson,415-853-3948x1950,courtney98@wade-king.com
737-73-1408,Erika Taylor,+1-417-637-7736x2468,ronaldkrueger@powell.com
646-86-5185,Ms. Rachel Preston,(424)127-3229,qbrown@garcia-potter.com
789-38-5112,Benjamin Brown,001-105-659-4323x7092,njames@gonzalez.biz
079-67-4731,Joseph Greene,(155)811-7058,ashley78@cooper-carter.com
771-17-8425,Deanna Lane,185-769-7978x3281,cadams@yahoo.com
769-35-2995,Tony Scott,001-633-624-6681x567,staciedelgado@charles.com
360-12-7987,Jon Bishop,446-457-1022x1459,melissamartinez@bartlett.biz
469-66-3467,Jerry Mccarty,001-903-717-5123x601,woodwardnicholas@hotmail.com
319-07-2515,Shawn Smith,034-336-2676x37091,harrislance@yahoo.com
282-07-0904,Christopher Ramirez,709-379-7076,harmonjoseph@yahoo.com
539-57-9559,Alison Ramos,(052)259-6493x5772,james09@hotmail.com
665-51-3396,Samantha Tanner,657-453-6196x785,foxricky@hotmail.com
208-54-8957,Nicole Jackson,001-576-178-5262x2248,markparker@gmail.com
033-38-3139,Carla Valdez,(346)217-1013,luis86@collier.org
626-26-3946,Shaun Bridges,001-154-476-0773,woodsdana@johnson.com
480-68-9442,Anna Charles,001-280-719-0364x748,youngbarbara@thompson.info
561-22-5409,Jonathan Morris,303.279.7781,jacqueline28@craig-gonzalez.org
116-63-6606,Amanda Cross,412-374-7051,jamie19@yahoo.com
739-72-8125,Lisa Phillips,+1-931-360-1501x81452,cynthiadavis@white.info
890-82-5093,Evan Jones DDS,953-989-3207,ashleyhamilton@hotmail.com
193-74-2290,Jodi Collins,6216111525,mackjames@hotmail.com
333-01-1770,Mr. John Brown,511-822-3165,kimtorres@gmail.com
707-18-4591,Kristen Rodriguez,394.851.5386,robert14@hotmail.com
310-65-9825,William King,305-890-9125,lindanovak@gmail.com
018-21-0702,Aaron Kelley,392-916-8252x44409,masseybrian@hotmail.com
214-38-6320,Amy Perry,+1-856-250-0362x687,raustin@rojas.com
721-65-8944,Preston Harmon,+1-216-093-3940x6562,olivingston@lawrence.org
683-28-4625,Stephanie Zhang,642.286.3181x9667,carrielong@gmail.com
244-76-1851,Zachary Miller,496.203.4445x16131,lawrenceelliott@rodriguez.com
196-86-9485,Angie Smith,+1-820-987-1425x029,jeffreywall@hotmail.com
100-33-2812,Martin Cross,896.943.5997,johnsonlinda@yahoo.com
083-66-3618,Richard Oconnor,067-030-2312x204,hallchristopher@park-herrera.com
409-23-8857,Joshua Jackson,044-853-0608,payneamanda@hutchinson.com
847-61-1139,Laurie Parsons,001-680-779-2793x71457,whernandez@hotmail.com
166-49-7488,Jillian Johnson,(356)233-6387,georgeleonard@yahoo.com
215-60-6022,Mrs. Jillian Dyer DDS,+1-747-543-9219x90171,taylorsherry@murphy-sutton.com
614-69-0008,Christopher Gibson,(214)520-2315x35410,jesse03@gmail.com
769-71-5004,David Campbell,(663)674-5504x15513,valdezjason@gmail.com
443-56-5646,Amy Stephens,001-196-305-0630x602,millermatthew@hotmail.com
309-86-2036,Joseph Rodgers,687-592-9327x0371,clarkjennifer@maxwell.com
147-54-2429,Diamond Smith,001-876-669-2564x0743,woodgregory@kemp.com
178-12-9597,George Day,001-780-043-5174,powersmichelle@hotmail.com
437-22-9720,Tara Robinson,001-810-564-7868,donnasweeney@hotmail.com
839-10-6232,Jordan Baldwin,+1-564-034-2571x74805,michaellane@hotmail.com
856-51-8840,Joe Holland,001-410-909-4576x6041,timothymorgan@gmail.com
143-16-9775,Amanda Soto,001-474-328-6544,zwagner@hotmail.com
412-59-8497,James Jordan,(049)671-6923,johnsonalexander@robinson.com
182-37-5071,Yesenia Hatfield,893-201-3377x1089,robertgonzalez@gmail.com
320-68-9861,Richard Roberts,304.399.1643,qheath@yahoo.com
048-39-4165,Juan Mcdonald,9765334394,ocordova@white.com
329-87-9738,Kelly Rogers,(965)001-4378x87677,jmoss@white.com
717-56-4803,Stephanie Perkins,001-262-053-7530x332,heather41@yu.com
354-39-7309,Jessica Russell,(926)200-4971x931,benjamin68@yahoo.com
228-53-7550,Patrick Graham,+1-473-671-0465x892,katherine16@miller.com
479-61-8824,Jessica Gonzalez,001-789-264-1575x516,erin30@yahoo.com
721-51-7031,Robert Jennings,353-044-7913x89211,crosbymonique@butler.com
585-49-7546,Jade Hernandez,8073201949,hartmanisaiah@hotmail.com
616-52-3306,Amanda Tucker,(122)240-8189x06188,olee@gmail.com
521-16-1818,Eric Barker,457.941.2174x21978,george41@hawkins.org
291-54-8227,Dr. Michael Villanueva II,(793)766-3607x1646,patricia81@gonzalez.com
083-96-8453,Daniel Robinson,+1-676-575-2921x090,jchristensen@owens.com
101-89-6740,Steven Montoya,(906)251-3910x979,barkerjonathan@yahoo.com
785-50-2106,Gregory Anderson,287-751-6208x8138,williamsnicholas@yahoo.com
189-40-1196,Christine Campbell,784-252-9443x3831,scottrobert@reyes.biz
634-16-7414,Kayla Cooper,430.597.8289,thomasamanda@king.com
068-86-7770,Melissa Davenport,8651662023,kevinross@hotmail.com
326-78-9628,Diana Parker,(826)274-2024x280,wrightlance@gmail.com
773-63-3089,Paul Short,+1-150-268-5741x379,davisjohn@lloyd-ferguson.com
721-78-4356,Erika Brown,067.517.7669x257,ecollins@yahoo.com
785-35-3341,Ashley Miranda,440.976.9755x79078,sharonjohnson@smith-davis.net
683-28-7507,Edward Sanchez,+1-596-031-0254,murrayvictoria@yahoo.com
185-63-3240,Andrea Perez,(229)197-9221,susangarcia@yahoo.com
368-51-1423,Joyce Benitez MD,(040)494-4071,wvazquez@collins.com
295-05-7180,Carolyn Gordon,179.878.4722x04079,fjackson@gmail.com
026-22-3595,Tonya Pratt,043.340.3449,alyssamendoza@jackson.com
085-17-8127,Don Wright,+1-741-049-1601x94388,adam64@hotmail.com
203-40-4332,Dylan Floyd,5911370440,codysandoval@mitchell-evans.net
820-92-9924,Diane Gutierrez,001-655-919-5807,jwilliams@johnson-gutierrez.org
463-63-7903,Jennifer Smith,+1-437-150-6180x407,michellewade@gmail.com
622-07-9505,Michael Keller,900.803.0255,tracy31@mitchell.com
004-77-6508,David Vasquez,+1-872-522-5436x973,johnporter@gmail.com
438-47-4006,Marcus Fernandez,(607)804-6766x332,jonathan53@yahoo.com
053-50-7080,Alison Nguyen,5046657335,agriffin@gmail.com
212-95-4301,Donna Thompson,965-079-9706x9161,kevinroberts@torres-singh.com
684-99-8416,Renee Sweeney,7467172477,victoriadiaz@hotmail.com
184-67-2471,Shawn Harding,001-751-002-0211x80471,iross@yahoo.com
105-55-8432,David Gilbert,315-448-3141x2535,heathersims@sanchez-mccall.com
320-45-8446,Brett Murphy,(229)418-4367x7477,danieljones@yahoo.com
809-34-3379,Jessica Phillips,001-196-594-2629x559,tmerritt@hotmail.com
559-23-7378,Sabrina Griffin,497.522.0876,gsanchez@chambers-stevenson.biz
078-19-5800,Elijah Walters,9015292109,kadams@henry.net
230-03-3963,Sarah Bruce,(434)130-0934,gloriawong@hotmail.com
391-13-9133,Randy Jones,886.966.5547,burkestephen@hotmail.com
559-28-9443,Steve White,4527969445,rayadam@gmail.com
445-04-9704,Isaiah Norman,808-808-4374,scott82@brown.com
457-08-1980,Hannah Vega,3401058308,jacob27@cooper.info
871-83-4719,Jamie Gonzalez,8655243519,carl83@ruiz.biz
466-16-7063,Megan Martinez,+1-254-391-8656x8260,lbarton@gmail.com
229-94-5882,Phyllis Boyd,(211)351-7184,shannon60@gmail.com
184-30-1402,George Thornton,828.079.2943x93811,pjones@thomas.com
715-18-2449,Matthew Williams,910.382.1221x53340,porterblake@yahoo.com
377-56-8083,Jacqueline Reese,001-402-093-9882,westrada@yahoo.com
689-23-8238,Nicholas Thompson,218.762.8378x4335,michelle58@king.com
415-12-3607,Robert Collier,+1-251-614-8999x594,westjennifer@hotmail.com
536-51-2235,Makayla Young,001-444-196-1198x100,woodslaura@hotmail.com
278-29-6746,Jacob Hanson,+1-877-960-6343x671,brian21@murray-brooks.com
600-69-1259,Krystal Bell,310-898-4887x21470,qroberts@ruiz.com
166-06-2029,Michelle Marquez,385.531.1964x63754,amanda75@roberts.biz
836-26-0172,Marissa Jordan,+1-700-102-8625x015,samuel83@carter.com
181-92-1252,Carol Moreno,938-786-0163x545,jeffery80@gmail.com
177-50-1374,Dennis Romero,(183)605-5080x48546,kelly16@gmail.com
251-16-0742,Daniel Carlson,(535)624-3523x9349,catkins@shaffer.biz
225-22-7261,Jeffrey Green,446-583-7932,matthewwilliams@bell.com
783-51-3560,Danielle Marshall,+1-327-967-8671x663,ruben29@yahoo.com
112-47-8737,Tyler Stevenson,(334)228-6237x919,xkelley@lloyd.com
396-80-6935,Matthew Smith,001-644-026-6836x277,ujimenez@hotmail.com
875-56-8446,Brianna Thompson,(339)355-7960,shannon61@hotmail.com
200-83-4663,Shawn Hayes,329-982-9996,kevin08@yahoo.com
662-74-9869,Logan Silva,001-395-701-3336x8926,wilsonnicholas@hotmail.com
184-23-9891,Kevin Ross,(874)475-4269x7576,johnsonmason@gmail.com
749-21-5818,Wendy Howard,4442188378,andres27@sutton.com
003-50-6817,Melissa Abbott,870.072.2389x29522,eprice@hotmail.com
245-35-8651,Sierra Boone,001-164-062-7362,eugene80@morrow-moore.com
196-74-9828,Mrs. Susan Watts,001-802-128-8652x444,cjohnson@hotmail.com
719-07-4071,Jeremy Patel,+1-471-843-2589,smithjoseph@hodge.org
376-22-8988,Michelle Casey,+1-580-618-9461x3487,michael06@holt.com
490-15-6861,Brandon Gonzales,938.272.7023,jose62@york.com
055-65-8408,Reginald Cooper,015-229-6099x0445,bishopmichael@sanchez-lawrence.com
410-92-9968,David Spencer,8332368790,fsanchez@gmail.com
272-28-7732,Michael Hernandez,+1-806-275-4264x27291,clarkemonica@gonzales.net
806-51-5211,Curtis Barrett,(914)556-1505x4398,raymond26@diaz.com
302-30-4769,Joe Williams,(733)743-8006,marshallandrea@hernandez.net
720-33-8143,Donna Martinez,001-828-908-9359,mary41@russell-rivera.com
072-46-6413,Kenneth Garcia,001-151-880-7929x77429,utorres@clark.com
481-40-2727,Jerry Pitts,001-896-720-0050x0311,cindy35@allen.com
641-12-2962,Daniel Burgess,5636645713,sbrown@hotmail.com
876-03-3471,Kristy Hernandez,001-180-007-0588x4841,samuelortiz@allen.com
466-45-8067,Jermaine Miles,(513)328-0264x7424,bcruz@hotmail.com
011-70-4105,Jeremy Bentley,+1-540-486-3093x2624,brianacosta@estrada-williams.com
731-58-3029,Catherine Torres,651.226.6647x6380,xkirk@martin.info
849-14-4850,Patrick Clark,+1-820-897-5956,xstephens@gmail.com
358-07-0612,Patrick Park,+1-484-648-6481x40811,williamsstephanie@miller.info
321-16-8579,Jennifer Fletcher,+1-969-132-2516x81596,flynneric@yahoo.com
580-72-0931,Felicia Gomez,(636)118-9761x50171,willisjennifer@gmail.com
883-71-5108,Andrea Schmidt,(706)220-8836,michele15@yahoo.com
547-29-7964,Lauren Nolan,584-733-0301x3700,deborah33@rodriguez-howard.com
712-77-1184,Alyssa Choi,764-422-0940x1633,gjackson@smith.biz
494-44-5621,Marcus Steele,8149060102,qjones@gmail.com
404-66-1440,Crystal Bush,001-317-521-1009x15853,maddenjamie@yahoo.com
608-12-4136,Kurt Lee,158-832-2531x922,hansonantonio@eaton-nguyen.biz
411-61-3403,Eileen Perry,854-150-2191,joy96@yahoo.com
148-52-5597,Jennifer Jackson,4925389234,bowmanjoseph@hotmail.com
014-98-8064,Logan Bennett,144.701.7891x9376,danielcurry@gmail.com
756-95-1493,Adrian Carr,(772)889-2460,prestonariana@hotmail.com
629-10-8686,Kaitlyn Cook,497-566-2700x2023,mosesdawn@yahoo.com
382-95-2815,David Green,+1-812-870-4360x571,emily01@waters.net
444-24-2412,Aaron Gardner,027-097-7403x0464,wcarter@yahoo.com
791-28-8548,Corey Day,(418)441-1134x26704,williamstina@cook.com
330-88-3408,Mrs. Alexis Fox MD,264.455.4739x21201,william31@gmail.com
130-17-0245,Isaac Thomas,+1-967-019-7324x295,utran@hotmail.com
056-38-9427,Sarah Smith,995-828-0199x268,smithkatherine@nelson-cross.com
103-22-8147,Bryan Graham,789-845-2412x6048,mackjason@davila.com
770-12-4423,Michelle Williams,001-975-095-0448x384,thomashuang@gmail.com
549-91-7946,Gabriel Gordon,+1-573-785-2025,alexis88@day-rivera.com
052-50-9654,Karen Hill,(732)678-8860x522,justin42@barrett.com
284-25-6482,Jill Kirby,021-632-3291x9048,hughesdanielle@wright.com
469-05-5848,Shelby Gardner,+1-378-730-6541x497,vsanchez@williams.com
481-79-7964,Luis Moran,315-316-9848,cvalenzuela@gmail.com
424-51-7066,Michael Turner,655.092.0361x442,wfarrell@wade.com
546-58-0652,James Melendez III,796-266-7625x384,christiangriffith@hotmail.com
792-14-7521,Travis Morales,+1-022-779-5481x6230,ikim@hotmail.com
445-47-8546,Ryan Norris,929-852-8131,carolyntaylor@edwards.net
747-29-6933,Mrs. Bianca Mcconnell,676-535-3702,cindy62@wilson.com
659-89-0341,George Jordan,132-816-0611x547,nelsonmichael@yahoo.com
685-69-2511,Maxwell Aguilar,833.633.3608x2222,danielmiles@walls-cantu.info
601-75-8472,Theresa Serrano,(813)361-4242x5835,spencewendy@singleton.com
108-41-9895,Johnny Jenkins,+1-884-080-0958,martinezjoshua@perry.info
896-24-6625,Justin Roberson,325.428.5813x3416,jacob56@hotmail.com
723-79-7274,Kimberly Noble,001-102-165-8798x5337,bushalan@hotmail.com
688-34-1020,Marcus Jordan,001-275-326-6997x105,deleonariel@hotmail.com
602-83-2080,Heather Holmes,975.362.1114x976,zunigarandall@yahoo.com
663-55-1094,Jenny Hester,+1-637-689-6420x3539,buckleyperry@hotmail.com
012-89-4697,Erin Gallagher,001-983-097-3388,romeromark@gmail.com
669-09-8813,Tammy Boyd,456-417-1441,ashleybutler@yahoo.com
518-99-0828,Larry Rogers,+1-165-878-4372x565,christopherstewart@clayton-olson.info
467-98-6697,Jonathan Perry,+1-807-328-7515x6017,richard89@bishop-levy.com
205-03-6244,William Harris,+1-702-358-2226x4740,jonathonwelch@woods.com
158-68-6894,Walter Fisher,442-274-6639x546,humphreytracy@gmail.com
889-48-6929,Kelly Doyle,(621)011-6826,jenniferharris@stone.biz
173-17-2300,Jason Parsons,(407)333-5921x355,leslie82@barnett.com
688-72-8107,Brittany Kim,001-694-561-0743x25008,matthew41@gmail.com
173-42-4594,Carlos Wise,8177064134,brownchelsea@yahoo.com
709-12-9757,Mark Fowler,(335)554-2511x3793,qcook@gmail.com
003-90-1641,Kevin Fry,561-077-4851x1414,andrewsoto@yahoo.com
156-07-2260,Holly Moran,(505)721-2942x09366,bennetthaley@yahoo.com
235-70-8325,Daniel Sanchez,+1-869-385-9905x902,andrewfrazier@ward.com
007-14-2496,Joseph Brewer,+1-637-284-1115x399,nathan89@gmail.com
686-01-2345,Mary Pena,058-236-9222,jamesrodriguez@byrd.info
589-53-9388,Adam Edwards,(376)520-0696x678,sblair@christensen.com
037-26-1880,Kelsey Brown,+1-060-787-2090x23277,karenscott@yahoo.com
181-01-7289,Madeline Brown,159-539-8744x9618,eterry@gmail.com
227-79-3217,Eric Odonnell,(283)105-0003x69313,qgraves@gillespie-wilkerson.com
571-86-1217,Jennifer Ramirez,+1-006-950-0600x21965,kristen80@gmail.com
717-86-0459,Larry Buchanan,(521)725-6615x3872,tinasmith@chandler.com
660-42-1142,Beth Roth,407-808-1602x603,vhicks@gmail.com
189-83-5707,Nicholas Golden,(843)855-4253x77616,howetimothy@yahoo.com
416-90-8085,Dennis Simpson,246.189.1463x4758,jeffrey29@vang.org
069-09-0840,Katie Santiago,626.419.6073,scott39@yahoo.com
771-99-6904,Riley Leblanc,1801071699,victor09@taylor.com
206-72-4180,Arthur Goodwin,892-567-2566x37934,allenmeagan@hotmail.com
738-71-7328,Amanda Lee,+1-092-435-9781x50950,johnsonmark@hotmail.com
197-59-8270,Robert Thompson,221.919.1986x2585,oshepherd@gmail.com
270-42-6973,Megan Lewis,652.956.1192,ogarcia@gmail.com
618-69-9687,Patricia Evans,(081)842-8865,hunterteresa@hotmail.com
537-34-8820,Jessica Wells,673.818.2237x955,huffmansteven@brown.org
468-50-8627,Matthew Fleming,379-057-1192,natasharose@taylor-porter.com
697-77-5006,Andrea Hanna,665.254.7286x9662,ashley52@gmail.com
670-48-6565,Danny Stephenson,161-492-6669x38792,mcdowellmikayla@yahoo.com
659-36-1765,Stephen Reyes,001-156-764-2452,phillipsamanda@yahoo.com
021-58-4002,Sharon Hughes,678.437.6309,ekirby@meadows-guzman.net
433-92-6871,David Wall,401-267-9161,kwilkins@gmail.com
368-07-0443,Alexander Jenkins,(965)052-4390x1850,stephaniesanchez@peterson.com
071-91-2874,Michelle Robinson,(981)918-5038,donbrown@yahoo.com
422-88-7787,Sean Walker,+1-009-373-9661x511,vanessa42@hotmail.com
800-52-1077,Rachel Nunez,475.387.3315,fisherdonna@gmail.com
713-53-8328,Mark Jones,149.336.8551,humphreyjason@johnston.org
631-47-4505,Alan Rivera,(825)538-8296x043,david29@hotmail.com
241-69-7919,Ronald Bailey II,819-185-1175x016,sherylhenry@yahoo.com
497-37-0617,Marc Sheppard,+1-745-013-6485x02115,perezjohn@yahoo.com
815-09-4161,Ashlee Mcmillan,9119191690,irobertson@rose.net
170-70-6578,Jaime Ramirez,754-083-4349,adrake@yahoo.com
389-04-7910,Raven Bauer,(414)135-2842x801,derrickfuller@williams.com
380-68-4081,Craig Haynes,+1-625-424-6221,melissa60@franklin-miller.net
140-39-1947,Adam Robinson,685-981-3806x577,tyler55@yahoo.com
426-73-4674,Daniel Moreno,+1-846-174-9289,cooperjennifer@rogers.net
503-19-6620,Adam Smith,726-604-5415x58875,martinezchase@hotmail.com
544-77-4464,Paula David,488-495-6991,amanda97@stephens-joseph.net
337-84-5221,Natalie Lee,(089)790-6146x50794,melody93@hampton-gates.com
893-45-5482,Mary Lee,691.493.9446,harrisonjackson@yahoo.com
393-68-9789,Nathan Tucker,480.816.0514x17436,xdaniel@gmail.com
406-22-5754,Jillian Freeman,001-367-860-0026x0531,taylordiana@gmail.com
170-08-0272,Shannon Smith,(422)547-1554x438,lewisdana@martin.com
623-91-8430,Ethan Sanders,+1-738-004-0451,okelly@gmail.com
146-84-4168,Robert Singh,508.389.4430x7210,haysjustin@phillips-jimenez.net
248-36-3955,Miranda Ross,448.491.3902,qnguyen@hernandez.biz
258-71-9305,Colleen Collins,(592)060-9768x175,vmckinney@hotmail.com
393-02-6960,Jacob Miller,467.499.5829,michellevasquez@hotmail.com
460-61-3088,Kimberly Edwards,303-423-6984x390,sheenamorales@russell.com
179-08-1594,James Holmes,+1-144-979-2379x5196,williamsheather@ford.com
397-23-9972,David Silva,001-615-546-2568x8192,williamsdaniel@walker.org
572-24-8984,Tiffany Sutton,+1-913-427-4773x9060,buchanankenneth@gmail.com
863-75-2288,Harry Newton,234.490.5706x309,laurie60@yahoo.com
152-84-1231,Troy Yang,001-658-467-5593,nelsonjennifer@gmail.com
261-66-0786,Sara Ross,001-867-745-6575x7245,julian78@kim.com
438-13-1523,James Miller,001-220-545-7230x92195,karen42@gmail.com
769-79-5873,Albert Barnett,286-525-5545x84338,timothysmith@strickland-alexander.com
567-55-5878,Melissa Cervantes,063.354.8284x6729,christopherstevens@hotmail.com
410-40-3076,Nathaniel Gordon,001-716-785-5928x06396,robert98@rollins.com
027-99-2319,Thomas Walker,250.988.5880x28632,darren62@knight.org
601-57-8142,Deborah Davidson,+1-783-211-2982,xlindsey@herring.com
250-25-5775,Vincent Johnson,028.327.1498,jeffrey44@yahoo.com
585-33-7905,Benjamin Merritt,(368)182-1140x8643,dominicroman@gmail.com
481-91-3332,Kevin Murphy,001-143-960-6314x891,taylorchad@massey.com
160-53-2782,Kevin Larson,001-621-164-4705x70764,qmcbride@gmail.com
656-37-6825,Stephen Brooks,001-566-787-0020x6056,david19@gmail.com
437-74-4248,Gerald Collins,429-292-7441,philip50@acosta.com
738-07-0281,Diane Tucker,001-966-160-1621x652,jon57@yahoo.com
639-50-5813,Nicole Thompson,(643)683-5657x4815,holly13@gregory.com
304-58-8655,Jose Lester,671-543-2796,matthew82@yahoo.com
865-97-3979,Kenneth Moore,(366)294-9984x8089,qcruz@gmail.com
505-55-1990,Samantha Flores,232-836-3814x2907,williampatterson@castillo.org
457-95-2691,Brian Hall,+1-994-314-0875,yvaldez@baker.biz
421-33-6019,Sarah Scott,(013)541-3192x98859,zweaver@hotmail.com
670-21-7539,Denise Miller,391-598-0970,jasonjohnson@gmail.com
638-33-1094,Michelle Williams,(103)962-9721x15630,sturner@davies.com
830-21-6311,Stephen Smith,(035)274-5710x2358,sullivanbetty@washington.com
495-80-2645,Christopher Mann,402-819-9175x90132,barbara55@pineda.net
498-87-2683,Luke Moore,+1-285-851-7151x3139,fcobb@wallace-smith.biz
729-84-4788,Kimberly White,+1-518-505-6364x561,xsanders@yahoo.com
808-61-6761,Karen White,001-966-820-3792,hollandaaron@hotmail.com
287-31-9627,Nancy Aguilar,(783)790-4005,hwebster@silva-haynes.com
661-03-4246,Angela Fletcher,715.052.0064x93163,ericcopeland@ross.com
217-73-0466,Michelle Brown,001-138-507-1023x741,davidjones@gmail.com
849-98-5001,Alexandria Tran,(620)324-8435,kellyhorn@sullivan-johnson.com
741-01-9384,Linda Myers,(492)809-2180x6638,garrettcarolyn@yahoo.com
784-57-3507,Bradley Cooper,(636)902-2922x9526,cooperrichard@gmail.com
691-16-6364,Miguel Jones,+1-558-461-1372x23697,yburke@hotmail.com
759-11-0614,Olivia Shelton,385-243-7219x823,shannon04@buchanan.biz
316-43-5796,Brianna Mendoza,001-133-174-1609,csutton@hotmail.com
051-64-8261,Donna Hanson,336.437.0469,jonesrobert@martinez-franklin.com
502-52-4243,Nicholas Silva,(922)999-9316x8682,kennethknight@gmail.com
078-55-6720,Stanley Harrington,716.127.0001,shawdanielle@brown.info
135-43-8099,Ronald Patrick,6240995987,ejenkins@mahoney-jones.com
734-02-3092,Dawn Newman,608-898-4219,ogarcia@gmail.com
051-24-2465,Kathleen Rivera,439.766.6517,bonnieolson@gmail.com
256-80-4476,Charles Cook,899-028-7060,savageblake@jones.com
374-33-6634,Kevin Wilson,655.173.2632x24472,bakersara@sanchez.org
790-65-3980,Richard Young,539-263-0369x467,yjohnson@yahoo.com
546-07-9138,Paul Cooper,001-392-273-0664x5790,alexis08@caldwell.com
069-79-2824,Eric Banks,001-933-378-9635,stephen75@gmail.com
162-18-2925,Jessica Nguyen,001-298-790-2656x503,igarza@hotmail.com
686-03-6090,Mark Carlson,956-072-4986,wherring@benson.org
659-88-8977,Gavin Rodriguez,+1-137-708-5887x4994,lholmes@simmons.info
559-31-5589,Tiffany Greene,642-311-2223,lperez@andrade.com
336-91-8161,Cynthia Garcia,632-705-8713,richardbaker@yahoo.com
743-90-5387,Bryan Dorsey,(952)502-4619x0156,enelson@hotmail.com
307-02-1280,Mary Jones,0265233596,melissaross@carpenter.com
567-16-4364,Mariah Lang,(719)615-2958,garciaelizabeth@duarte-diaz.com
396-90-2620,Tammy Wells MD,943.262.2196x01043,tracidunlap@farley-anthony.com
593-66-2525,Michelle Price,697-707-7226x242,adavis@ayala-martin.net
758-98-2353,Maria Francis,0583708881,zoe83@butler.com
001-31-3244,Tyler Reyes,235.263.8259x5091,tmorales@mckay.info
232-22-4835,Anthony Martin,+1-104-870-9940,reeseandrew@yahoo.com
127-77-0046,Clifford Schneider,001-991-823-3072x6857,xwilson@flynn.com
126-39-8981,Derrick Flores,+1-033-470-9602x53693,rmorgan@harris-evans.org
676-82-2902,Allen Herrera,192-485-1258,scott72@todd.org
554-37-1360,David Morales,(234)330-2095x42064,adamshunter@hotmail.com
156-44-8137,Renee Villa,+1-674-197-6868x7391,fischerrobert@gmail.com
117-46-2034,Kelli Montoya,075.902.9098x7024,courtney58@gmail.com
081-87-0326,Morgan Pennington,+1-545-707-6509,seancunningham@yahoo.com
728-16-3239,Jason Chambers,655.801.3992,josephgardner@powell.com
849-35-0193,Kristin Ballard,001-211-372-9840x2760,fisherkenneth@taylor.org
364-39-8088,Michael Webb,009-654-2030x61800,danielmcdaniel@stewart.com
313-52-8378,Karen Gilmore,(249)203-0904,raymondnguyen@hotmail.com
527-52-6813,Terry Jackson,+1-558-419-3432x566,brandimoore@davis-snyder.com
448-20-2052,Laurie Lawrence,148-830-0415,amy22@hotmail.com
501-85-6118,Karen Reyes,521.989.3612,nicole15@white-jackson.net
772-85-1147,Michelle Woods,(297)250-1769x015,joshua69@gmail.com
406-42-5166,Scott Robinson,+1-781-548-0101x9785,chadclark@williams.biz
360-22-7156,Allison Castro,021-976-9359,jaimepratt@yahoo.com
028-67-2031,Lee Patrick,(114)991-2805x70365,angelathomas@yahoo.com
522-17-5650,Hector Lloyd,(932)091-9882x1280,walshdaniel@gmail.com
179-65-3599,Daniel Navarro,889.786.2563,pwelch@hotmail.com
215-76-3022,Ryan Cruz,+1-061-629-2204,wayneroach@gmail.com
622-49-5481,James Jacobs,001-373-408-3092x31479,bob84@yahoo.com
196-68-6739,Shelley Huff,107-373-2448,toddbriggs@walker-garcia.com
844-71-7427,Susan Thompson,079-887-5517x9886,donnadeleon@koch.com
607-22-3062,Michelle Zamora,105-207-8854x24860,prodriguez@gmail.com
297-10-4680,Olivia Holland,(962)240-4198x28090,zwilson@perry.com
888-23-2756,Emily Phillips,641-921-2259,manuel71@washington.com
643-67-5160,Christopher Fowler,7768752750,hollybarnett@jordan-gardner.com
398-55-0555,Kim Vargas,876.834.2563,christian48@shaw.com
400-78-0471,Alisha Ware MD,001-498-033-5955,amberpeterson@mccoy.com
765-71-6983,Kevin Peck,356-500-2407,egarcia@yahoo.com
407-90-5216,Timothy Johnson,001-562-739-7914x521,kharmon@orr.com
519-23-9519,Charles Williams,001-950-324-9039x0645,jonesjoshua@hotmail.com
718-61-6767,Angel Ray,913-223-9419x1016,brandon61@schmidt.com
887-87-4623,Rachel Hamilton,001-446-098-3762x4409,vosborn@johnson-klein.com
072-74-9057,Jose Jackson,716.716.4302x445,jameshood@davis.com
463-20-3005,Jessica Jones,001-954-104-2702x16905,woodmatthew@yahoo.com
888-11-6428,Mark Walker,963-601-6006x4773,otaylor@burnett-donovan.net
161-50-3702,Sarah Martinez,3035700221,nixonhaley@parker.org
548-19-6907,Brooke Green,276.689.1073x2167,william90@alvarez-jennings.com
497-35-1080,Beth Collins,+1-569-252-3779x752,bradley12@howell.com
381-43-8963,Christopher Johnson,+1-184-390-5767x14779,brenda87@carter.biz
264-51-9727,Carlos Chang,+1-829-515-3369x069,helentaylor@hotmail.com
420-15-4683,Sean Dennis,+1-661-954-0071,imclaughlin@callahan.net
756-38-2350,Traci Baker,978.420.6241x3200,estradajulie@smith-morris.com
133-84-3628,Annette Martinez,+1-302-243-3190,amanda74@hotmail.com
601-54-6509,Matthew Wilson,+1-689-123-5990x7479,danny77@gmail.com
083-45-3622,Christopher Bailey,425-021-1380,joshua26@blackwell-graham.com
570-55-4392,Jennifer Johnson,+1-947-010-0978x09509,kimberlyklein@fleming-christensen.org
319-22-1667,Sean Bush,(584)734-6913x399,pamela49@hotmail.com
556-32-3541,Crystal Cortez,246-203-1974x70755,tmitchell@miller.com
186-75-1570,William Steele,(140)735-3835x27865,ryan85@burton.info
256-71-1697,Joshua Hoffman,+1-737-394-6803,devinbullock@hotmail.com
423-29-9817,Joshua Walton,001-444-224-7410,traceywilliams@gmail.com
891-75-5390,Crystal Esparza,388.472.6066x083,julie21@gmail.com
153-81-4478,Victoria Larson,+1-698-885-9703x888,zmccann@hotmail.com
508-55-1294,Alexis Williams,754.170.4430x45845,zimmermanderek@miller.com
777-50-0140,Elizabeth Sanders,+1-530-295-5962,brandon10@harris.biz
554-04-7575,Jillian Figueroa,(549)631-3872x58200,kelseypoole@yahoo.com
846-97-8648,Matthew Lin,823.548.9013x34330,melissa91@sanchez.com
695-56-8852,Elizabeth Robinson,295.418.7665,tony87@swanson-parker.com
428-02-8565,Douglas Parsons,001-662-140-7206x263,smithjames@yahoo.com
652-12-1053,Richard Garcia,+1-142-839-1922,scottsean@yahoo.com
163-04-9365,Mckenzie Donovan,812.096.2506x301,aaronmitchell@luna-reid.com
639-74-0798,Christina Bird,001-382-321-2352x0989,michelle68@yahoo.com
284-28-3346,Gregg Price,8862598159,amanda08@gmail.com
032-70-0374,Jon Cook,5039038318,lauren13@wade.com
698-23-7028,Andrew Moore,001-079-119-6642x458,lharris@vasquez.net
120-80-4896,Travis Mcdaniel,+1-367-982-1954x668,lucascynthia@schmidt-smith.com
899-03-3076,Whitney Higgins,+1-287-672-7223x65656,ecampbell@yahoo.com
142-14-8788,Grace Silva,001-541-265-8663,brooksthomas@blair.biz
609-05-8868,Misty Perry,(829)493-9113,jeremy21@yahoo.com
005-01-4447,Caitlin Moore,609-191-1687,melissa67@yahoo.com
803-74-1295,Donald Hunt,191-826-7997x34295,mathislisa@stevens.com
368-82-6856,Alexander Drake,825-690-7136,vargaskristin@hernandez.com
898-54-9544,Dennis Grimes,+1-595-620-6933x92662,fberry@perez-rogers.com
242-46-0325,Victor Cobb,553-804-0761x901,hernandezwilliam@hotmail.com
161-02-2063,Katherine Chen,+1-725-012-0619x7412,millsrobert@gmail.com
704-64-6983,Deborah Vargas,2573206695,davidlewis@chavez.org
795-88-0442,Jared Nguyen,(802)357-9362x5604,whancock@acosta-prince.com
248-16-4475,Cheryl Hutchinson,001-165-949-8501x19089,wkelley@johnson.com
448-26-9247,Terry Sanchez,8522015784,elizabeth77@gmail.com
379-27-7911,Erika Lee,(985)682-0601x262,felicia35@yahoo.com
112-92-4644,Laura Cobb,+1-440-758-0089x48279,wadekim@daugherty-barton.net
184-20-1829,Jessica Caldwell,(628)995-6621x112,taylordavid@tate-ortega.com
525-22-8184,Zachary Hayes,965.082.2167,kevinpayne@yahoo.com
618-67-4330,Joseph Gomez,380-713-3223x0249,janetjones@hotmail.com
452-06-4665,Renee Arnold,048-010-1016x10634,patricia31@fischer-park.org
623-92-5550,Adam Barrera,959-673-0504x192,dominguezcourtney@carroll.com
568-10-1685,Larry Torres,001-939-470-2156x5169,kaylee33@yahoo.com
558-25-1717,Edward Wright,(144)020-2710,lyoung@alexander-garcia.com
486-47-3481,Gerald Reyes,(411)192-6518x5542,paul47@gmail.com
628-19-1676,Miss Shannon Kennedy,+1-319-486-5659x20143,jacksonryan@velasquez-scott.net
202-17-7128,Angela Mcmillan,+1-340-776-0953x58853,sortiz@yahoo.com
227-73-6467,Melissa Graves,826-700-6001x68664,odonnellkiara@gmail.com
742-62-1799,James Sharp,(467)495-1898x91829,jnelson@hotmail.com
396-27-2055,Victoria Ford,172.509.8804,jamesanderson@gmail.com
501-95-1940,Jason King Jr.,(710)121-3545x629,yblair@jones.info
442-62-8925,David Brown,+1-506-780-4551,dalemorrow@hotmail.com
810-16-0823,Adam Rhodes,+1-049-191-9410,rlawson@yahoo.com
353-38-5968,Meagan Johnson,001-126-242-5240,elizabeth47@gmail.com
491-82-9398,Susan Miller,(270)803-2920x30795,chapmanjasmine@bullock.com
582-18-2571,Joel Vazquez,063.474.9552x82292,xrose@yahoo.com
016-17-4866,John Chaney,+1-461-357-3604x445,laurie20@hotmail.com
799-40-5405,Dana Rodriguez,+1-449-705-3931,kwheeler@caldwell.com
587-67-6663,Jimmy Wyatt,+1-561-904-3503x35459,raymondkemp@mullins.net
863-44-9463,Andrew Wilson,001-430-062-4710x00100,scombs@gmail.com
465-95-2781,Jennifer Reed,049.280.6249x9184,ythompson@mitchell.com
107-27-0656,Kari Sheppard,001-726-378-9599,melissa94@stone.com
808-84-4597,Jeffery Day,665-822-7008,thomasmiller@graham-foster.com
072-82-2836,Mary Mcdowell,822-485-4450x77726,walkerbenjamin@wyatt.com
040-02-6057,Melissa Freeman,624-910-8864x81188,duncanteresa@davis.com
790-82-4984,Charles Lee,001-939-700-2369,jared51@hotmail.com
344-50-0984,Dr. Rebecca Hawkins,346.158.4375,nwright@yahoo.com
898-09-4419,Thomas Waller,8708396366,shannonwilliams@carter.com
139-80-8453,Elizabeth Johnson,(084)609-7619x40993,williamsjoseph@flores-sellers.com
371-96-1798,Nichole Reed,230-254-4112,oneillaaron@gmail.com
659-20-2119,Dr. Jeremy Dixon MD,298.572.5329x02098,ucooper@martinez.com
214-99-4024,Justin Thomas,001-435-844-8086x804,kimberlyfleming@mullen.com
140-79-1292,Steven Gomez,+1-741-305-8687x887,fpark@gmail.com
315-78-2529,Michael Morris,001-525-525-5981x72469,friedmanmelanie@dickson-johnson.com
109-70-5166,Hannah Haas,3790340309,emartin@nolan.com
674-48-5715,April Bell,7761152320,ywilliams@hotmail.com
803-45-2758,Nicole Kemp,(967)073-7349,timothykoch@bailey-norton.org
351-13-8736,Karen Alvarado,(580)483-8046x80588,caitlyn39@hotmail.com
198-97-0169,Jaclyn Roberts,(745)151-0313x63074,phillipsnicole@yahoo.com
523-28-3551,Michael Johnson,(689)009-6019,zdaniel@hotmail.com
510-05-3989,Michael Elliott,636-424-2184,heatherhale@gmail.com
103-64-0947,Alexis Hunter,001-508-233-7286,steve99@knight-johnson.com
035-18-0867,Sherry Ochoa,390.900.1994x36009,paulball@dawson-scott.com
671-72-8068,Michelle Mendoza,+1-752-410-5154x8982,jamesrobbins@perez-payne.info
880-42-0450,Nathaniel Smith,+1-458-038-0755x064,orozcosarah@king.com
093-51-4298,David Faulkner,032.359.6619,maria34@villa-dean.com
824-95-0506,Sarah Fields,001-707-593-5181x3086,lopezshawn@gmail.com
553-62-8464,Matthew Vazquez,+1-679-759-7840x527,thomas68@yahoo.com
065-16-4598,Haley Farmer,780.234.8070x5004,lclark@gmail.com
623-14-1766,Angela Allen,001-630-401-1224,teresa42@herman.com
537-07-7501,Stephen Webb,+1-322-645-6484x875,turnertravis@nicholson-nichols.com
417-12-3854,Tyler Newman,707-080-5788x227,stephaniewatson@yahoo.com
142-88-2143,Mr. Benjamin Jordan MD,001-543-075-0197,daniel82@gmail.com
637-85-1153,Alfred Reid,+1-680-769-3320x471,walkerryan@gmail.com
713-99-0080,Kristina Ryan,+1-492-319-2329x015,npeterson@hotmail.com
198-72-7936,Terry Butler,001-139-607-4126x9087,gward@taylor-howell.net
454-70-9233,Teresa Wong,001-401-697-7165,xbrown@jones.net
642-19-4392,Nancy Gates,001-943-793-7243,adamnelson@bryant.com
372-26-3300,Jennifer Williams,+1-720-560-0644x898,zvargas@gmail.com
017-07-1832,Latoya Montoya,5993003403,popesydney@rodriguez.com
394-93-4228,Victoria Robles,911.356.2905,esimmons@hotmail.com
189-56-3341,Alex Callahan,+1-799-552-4207x3775,browneric@lopez.com
771-43-0125,Brian Moore,001-431-701-4429x46915,knightsamuel@yahoo.com
833-09-2246,Carla Roman,073-936-1848,jamesgarcia@gmail.com
321-45-7999,Michael Hubbard,(426)395-4984x7059,cookdonna@johnson.com
240-12-2409,John Sanchez,009.844.2074,zvillarreal@williams.net
024-20-3214,Louis Jones,(121)739-3550,brandon74@gmail.com
615-92-7679,Mary Garza,(890)918-6650x773,karenmoore@king-hill.biz
307-94-0808,Rachel Lee,0807712191,josephthomas@sanders.biz
876-61-3835,Edward Ray,565.503.9669,connerchristopher@gmail.com
491-54-0786,Jenna Knight,(536)789-5278,jessica12@gmail.com
700-78-9304,Jasmine Bush,8409165081,gerald89@burns.org
818-61-0747,Julie Gould,238-473-9579x186,michael36@gomez.org
013-70-5437,Felicia Smith,7711940138,alvarezcrystal@johnson.info
713-13-9752,Sara Obrien,627.154.6722x30702,donaldvega@walker-williams.biz
880-64-8405,Bruce Franklin,419-105-6577,ramosjoshua@coleman.com
771-05-6953,Kenneth Peterson,(746)985-0395,anthony69@hotmail.com
739-27-2394,Gregory Martinez,816-275-5457x71329,ericafletcher@king.com
736-03-3910,James Davis,944-357-3696,paul14@gmail.com
855-95-1012,Kristen Edwards,778-063-9435x78835,cameron66@zimmerman.net
310-12-7534,David Hernandez,595.780.4002x965,tstephens@gmail.com
